file_name,object,scene,congruity,set
AA1_App1_B035_present.jpg,AA1,B035,congruent,cluttered
AA1_Inap2_B010_present.jpg,AA1,B010,incongruent,cluttered
ATM_App1_B029_present.jpg,ATM,B029,congruent,cluttered
ATM_Inap2_B011_present.jpg,ATM,B011,incongruent,cluttered
Alcantarilla1_App1_B052_present.jpg,Alcantarilla1,B052,congruent,cluttered
Alcantarilla1_Inap1_B013_present.jpg,Alcantarilla1,B013,incongruent,cluttered
Alcantarilla2_App1_B018_present.jpg,Alcantarilla2,B018,congruent,cluttered
Alcantarilla2_Inap1_B005_present.jpg,Alcantarilla2,B005,incongruent,cluttered
Arrow1_App1_B012_present.jpg,Arrow1,B012,congruent,cluttered
Arrow1_Inap1_B023_present.jpg,Arrow1,B023,incongruent,cluttered
Arrow2_App2_B025_present.jpg,Arrow2,B025,congruent,cluttered
Arrow2_Inap2_B076_present.jpg,Arrow2,B076,incongruent,cluttered
Balcony1_App1_B108_present.jpg,Balcony1,B108,congruent,cluttered
Balcony1_Inap2_B019_present.jpg,Balcony1,B019,incongruent,cluttered
Balcony2_App1_B031_present.jpg,Balcony2,B031,congruent,cluttered
Balcony2_Inap1_B039_present.jpg,Balcony2,B039,incongruent,cluttered
Ballon_App1_B084_present.jpg,Ballon,B084,congruent,cluttered
Ballon_Inap1_B067_present.jpg,Ballon,B067,incongruent,cluttered
Bench1_App2_B097_present.jpg,Bench1,B097,congruent,cluttered
Bench1_Inap1_B095_present.jpg,Bench1,B095,incongruent,cluttered
Bench2_App1_B032_present.jpg,Bench2,B032,congruent,cluttered
Bench2_Inap1_B105_present.jpg,Bench2,B105,incongruent,cluttered
Bench3_App1_B016_present.jpg,Bench3,B016,congruent,cluttered
Bench3_Inap1_B021_present.jpg,Bench3,B021,incongruent,cluttered
Bench4_App1_B085_present.jpg,Bench4,B085,congruent,cluttered
Bench4_Inap1_B093_present.jpg,Bench4,B093,incongruent,cluttered
Bin1_App1_B046_present.jpg,Bin1,B046,congruent,cluttered
Bin1_Inap1_B024_present.jpg,Bin1,B024,incongruent,cluttered
Bin2_App1_B103_present.jpg,Bin2,B103,congruent,cluttered
Bin2_Inap1_B008_present.jpg,Bin2,B008,incongruent,cluttered
Bin3_App1_B093_present.jpg,Bin3,B093,congruent,cluttered
Bin3_Inap1_B086_present.jpg,Bin3,B086,incongruent,cluttered
Bird1_App1_B005_present.jpg,Bird1,B005,congruent,cluttered
Bird1_Inap1_B106_present.jpg,Bird1,B106,incongruent,cluttered
Bird2_App1_B050_present.jpg,Bird2,B050,congruent,cluttered
Bird2_Inap1_B101_present.jpg,Bird2,B101,incongruent,cluttered
Bird3_App1_B061_present.jpg,Bird3,B061,congruent,cluttered
Bird3_Inap1_B018_present.jpg,Bird3,B018,incongruent,cluttered
Bird4_App1_B047_present.jpg,Bird4,B047,congruent,cluttered
Bird4_Inap1_B109_present.jpg,Bird4,B109,incongruent,cluttered
Boat1_App1_B027_present.jpg,Boat1,B027,congruent,cluttered
Boat1_Inap1_B050_present.jpg,Boat1,B050,incongruent,cluttered
Boat2_App1_B051_present.jpg,Boat2,B051,congruent,cluttered
Boat2_Inap1_B087_present.jpg,Boat2,B087,incongruent,cluttered
Boat3_App1_B053_present.jpg,Boat3,B053,congruent,cluttered
Boat3_Inap1_B052_present.jpg,Boat3,B052,incongruent,cluttered
Building1_App1_B062_present.jpg,Building1,B062,congruent,cluttered
Building1_Inap1_B057_present.jpg,Building1,B057,incongruent,cluttered
Building2_App1_B060_present.jpg,Building2,B060,congruent,cluttered
Building2_Inap1_B059_present.jpg,Building2,B059,incongruent,cluttered
Building3_App1_B058_present.jpg,Building3,B058,congruent,cluttered
Building3_Inap1_B115_present.jpg,Building3,B115,incongruent,cluttered
Building4_App1_B015_present.jpg,Building4,B015,congruent,cluttered
Building4_Inap1_B017_present.jpg,Building4,B017,incongruent,cluttered
Car1_App1_B045_present.jpg,Car1,B045,congruent,cluttered
Car1_Inap1_B051_present.jpg,Car1,B051,incongruent,cluttered
Car2_App1_B038_present.jpg,Car2,B038,congruent,cluttered
Car2_Inap1_B020_present.jpg,Car2,B020,incongruent,cluttered
Car3_App2_B006_present.jpg,Car3,B006,congruent,cluttered
Car3_Inap1_B063_present.jpg,Car3,B063,incongruent,cluttered
Car4_App1_B113_present.jpg,Car4,B113,congruent,cluttered
Car4_Inap1_B007_present.jpg,Car4,B007,incongruent,cluttered
Car5_App1_B009_present.jpg,Car5,B009,congruent,cluttered
Car5_Inap2_B066_present.jpg,Car5,B066,incongruent,cluttered
Car6_App1_B039_present.jpg,Car6,B039,congruent,cluttered
Car6_Inap1_B053_present.jpg,Car6,B053,incongruent,cluttered
Caseta_App1_B017_present.jpg,Caseta,B017,congruent,cluttered
Caseta_Inap2_B021_present.jpg,Caseta,B021,incongruent,cluttered
Ceda_App1_B059_present.jpg,Ceda,B059,congruent,cluttered
Ceda_Inap1_B071_present.jpg,Ceda,B071,incongruent,cluttered
Chimenea_App2_B064_present.jpg,Chimenea,B064,congruent,cluttered
Chimenea_Inap2_B063_present.jpg,Chimenea,B063,incongruent,cluttered
Cloud1_App1_B079_present.jpg,Cloud1,B079,congruent,cluttered
Cloud1_Inap1_B068_present.jpg,Cloud1,B068,incongruent,cluttered
Cloud2_App2_B066_present.jpg,Cloud2,B066,congruent,cluttered
Cloud2_Inap2_B049_present.jpg,Cloud2,B049,incongruent,cluttered
Cone_App1_B006_present.jpg,Cone,B006,congruent,cluttered
Cone_Inap1_B065_present.jpg,Cone,B065,incongruent,cluttered
Cow_App2_B032_present.jpg,Cow,B032,congruent,cluttered
Cow_Inap1_B030_present.jpg,Cow,B030,incongruent,cluttered
Crane_App1_B075_present.jpg,Crane,B075,congruent,cluttered
Crane_Inap1_B061_present.jpg,Crane,B061,incongruent,cluttered
Cube_App1_B076_present.jpg,Cube,B076,congruent,cluttered
Cube_Inap2_B120_present.jpg,Cube,B120,incongruent,cluttered
Deer1_App1_B078_present.jpg,Deer1,B078,congruent,cluttered
Deer1_Inap1_B060_present.jpg,Deer1,B060,incongruent,cluttered
Deer2_App1_B080_present.jpg,Deer2,B080,congruent,cluttered
Deer2_Inap2_B103_present.jpg,Deer2,B103,incongruent,cluttered
Door1_App1_B119_present.jpg,Door1,B119,congruent,cluttered
Door1_Inap1_B015_present.jpg,Door1,B015,incongruent,cluttered
Flag1_App1_B091_present.jpg,Flag1,B091,congruent,cluttered
Flag1_Inap2_B071_present.jpg,Flag1,B071,incongruent,cluttered
Flag2_App2_B100_present.jpg,Flag2,B100,congruent,cluttered
Flag2_Inap1_B069_present.jpg,Flag2,B069,incongruent,cluttered
Flag3_App1_B112_present.jpg,Flag3,B112,congruent,cluttered
Flag3_Inap1_B078_present.jpg,Flag3,B078,incongruent,cluttered
Flower1_App1_B089_present.jpg,Flower1,B089,congruent,cluttered
Flower1_Inap1_B001_present.jpg,Flower1,B001,incongruent,cluttered
Flower2_App1_B083_present.jpg,Flower2,B083,congruent,cluttered
Flower2_Inap1_B072_present.jpg,Flower2,B072,incongruent,cluttered
Goat1_App2_B003_present.jpg,Goat1,B003,congruent,cluttered
Goat1_Inap2_B040_present.jpg,Goat1,B040,incongruent,cluttered
Goat2_App1_B074_present.jpg,Goat2,B074,congruent,cluttered
Goat2_Inap2_B072_present.jpg,Goat2,B072,incongruent,cluttered
Gorila_App1_B008_present.jpg,Gorila,B008,congruent,cluttered
Gorila_Inap1_B075_present.jpg,Gorila,B075,incongruent,cluttered
Hera_App1_B073_present.jpg,Hera,B073,congruent,cluttered
Hera_Inap2_B024_present.jpg,Hera,B024,incongruent,cluttered
Horse1_App2_B042_present.jpg,Horse1,B042,congruent,cluttered
Horse1_Inap1_B035_present.jpg,Horse1,B035,incongruent,cluttered
Horse2_App2_B055_present.jpg,Horse2,B055,congruent,cluttered
Horse2_Inap1_B089_present.jpg,Horse2,B089,incongruent,cluttered
House1_App1_B081_present.jpg,House1,B081,congruent,cluttered
House1_Inap1_B082_present.jpg,House1,B082,incongruent,cluttered
Hydrant1_App1_B097_present.jpg,Hydrant1,B097,congruent,cluttered
Hydrant1_Inap1_B056_present.jpg,Hydrant1,B056,incongruent,cluttered
Hydrant2_App1_B041_present.jpg,Hydrant2,B041,congruent,cluttered
Hydrant2_Inap2_B095_present.jpg,Hydrant2,B095,incongruent,cluttered
Letrero_App2_B096_present.jpg,Letrero,B096,congruent,cluttered
Letrero_Inap1_B029_present.jpg,Letrero,B029,incongruent,cluttered
Light1_App1_B019_present.jpg,Light1,B019,congruent,cluttered
Light1_Inap1_B098_present.jpg,Light1,B098,incongruent,cluttered
Light2_App2_B037_present.jpg,Light2,B037,congruent,cluttered
Light2_Inap1_B055_present.jpg,Light2,B055,incongruent,cluttered
Light3_App1_B099_present.jpg,Light3,B099,congruent,cluttered
Light3_Inap1_B042_present.jpg,Light3,B042,incongruent,cluttered
Light4_App1_B001_present.jpg,Light4,B001,congruent,cluttered
Light4_Inap1_B022_present.jpg,Light4,B022,incongruent,cluttered
LightHouse_App2_B027_present.jpg,LightHouse,B027,congruent,cluttered
LightHouse_Inap2_B045_present.jpg,LightHouse,B045,incongruent,cluttered
LightWall_App1_B034_present.jpg,LightWall,B034,congruent,cluttered
LightWall_Inap1_B047_present.jpg,LightWall,B047,incongruent,cluttered
Lizard_App1_B066_present.jpg,Lizard,B066,congruent,cluttered
Lizard_Inap1_B046_present.jpg,Lizard,B046,incongruent,cluttered
Man1_App2_B118_present.jpg,Man1,B118,congruent,cluttered
Man1_Inap1_B104_present.jpg,Man1,B104,incongruent,cluttered
Man2_App2_B077_present.jpg,Man2,B077,congruent,cluttered
Man2_Inap1_B116_present.jpg,Man2,B116,incongruent,cluttered
Man3_App2_B023_present.jpg,Man3,B023,congruent,cluttered
Man3_Inap1_B054_present.jpg,Man3,B054,incongruent,cluttered
Man4_App2_B103_present.jpg,Man4,B103,congruent,cluttered
Man4_Inap2_B087_present.jpg,Man4,B087,incongruent,cluttered
Man5_App1_B055_present.jpg,Man5,B055,congruent,cluttered
Man5_Inap1_B034_present.jpg,Man5,B034,incongruent,cluttered
Motob_App1_B048_present.jpg,Motob,B048,congruent,cluttered
Motob_Inap1_B077_present.jpg,Motob,B077,incongruent,cluttered
Mountain1_App2_B017_present.jpg,Mountain1,B017,congruent,cluttered
Mountain1_Inap1_B113_present.jpg,Mountain1,B113,incongruent,cluttered
Mountain2_App1_B056_present.jpg,Mountain2,B056,congruent,cluttered
Mountain2_Inap2_B015_present.jpg,Mountain2,B015,incongruent,cluttered
PalmTree1_App1_B033_present.jpg,PalmTree1,B033,congruent,cluttered
PalmTree1_Inap2_B027_present.jpg,PalmTree1,B027,incongruent,cluttered
PalmTree2_App2_B120_present.jpg,PalmTree2,B120,congruent,cluttered
PalmTree2_Inap1_B091_present.jpg,PalmTree2,B091,incongruent,cluttered
Penguin_App1_B020_present.jpg,Penguin,B020,congruent,cluttered
Penguin_Inap1_B094_present.jpg,Penguin,B094,incongruent,cluttered
Pharmacy_App1_B094_present.jpg,Pharmacy,B094,congruent,cluttered
Pharmacy_Inap1_B074_present.jpg,Pharmacy,B074,incongruent,cluttered
Pibote_App1_B114_present.jpg,Pibote,B114,congruent,cluttered
Pibote_Inap1_B100_present.jpg,Pibote,B100,incongruent,cluttered
Pointything1_App1_B025_present.jpg,Pointything1,B025,congruent,cluttered
Pointything1_Inap1_B107_present.jpg,Pointything1,B107,incongruent,cluttered
Pointything2_App1_B105_present.jpg,Pointything2,B105,congruent,cluttered
Pointything2_Inap1_B079_present.jpg,Pointything2,B079,incongruent,cluttered
PotPlant1_App1_B037_present.jpg,PotPlant1,B037,congruent,cluttered
PotPlant1_Inap2_B099_present.jpg,PotPlant1,B099,incongruent,cluttered
PotPlant2_App1_B004_present.jpg,PotPlant2,B004,congruent,cluttered
PotPlant2_Inap1_B111_present.jpg,PotPlant2,B111,incongruent,cluttered
Rhino_App1_B070_present.jpg,Rhino,B070,congruent,cluttered
Rhino_Inap1_B043_present.jpg,Rhino,B043,incongruent,cluttered
Rock1_App1_B101_present.jpg,Rock1,B101,congruent,cluttered
Rock1_Inap1_B037_present.jpg,Rock1,B037,incongruent,cluttered
Ryker_App1_B011_present.jpg,Ryker,B011,congruent,cluttered
Ryker_Inap1_B044_present.jpg,Ryker,B044,incongruent,cluttered
Sign1_App1_B102_present.jpg,Sign1,B102,congruent,cluttered
Sign1_Inap1_B026_present.jpg,Sign1,B026,incongruent,cluttered
Sign2_App1_B062_present.jpg,Sign2,B062,congruent,cluttered
Sign2_Inap1_B076_present.jpg,Sign2,B076,incongruent,cluttered
Sign3_App1_B110_present.jpg,Sign3,B110,congruent,cluttered
Sign3_Inap1_B003_present.jpg,Sign3,B003,incongruent,cluttered
Sign4_App1_B111_present.jpg,Sign4,B111,congruent,cluttered
Sign4_Inap2_B112_present.jpg,Sign4,B112,incongruent,cluttered
Sign5_App1_B092_present.jpg,Sign5,B092,congruent,cluttered
Sign5_Inap1_B006_present.jpg,Sign5,B006,incongruent,cluttered
Sign6_App1_B106_present.jpg,Sign6,B106,congruent,cluttered
Sign6_Inap1_B048_present.jpg,Sign6,B048,incongruent,cluttered
Sign7_App2_B071_present.jpg,Sign7,B071,congruent,cluttered
Sign7_Inap2_B104_present.jpg,Sign7,B104,incongruent,cluttered
Sign8_App1_B086_present.jpg,Sign8,B086,congruent,cluttered
Sign8_Inap1_B016_present.jpg,Sign8,B016,incongruent,cluttered
Statue1_App1_B068_present.jpg,Statue1,B068,congruent,cluttered
Statue1_Inap2_B031_present.jpg,Statue1,B031,incongruent,cluttered
Statue2_App2_B098_present.jpg,Statue2,B098,congruent,cluttered
Statue2_Inap1_B002_present.jpg,Statue2,B002,incongruent,cluttered
Statue3_App1_B116_present.jpg,Statue3,B116,congruent,cluttered
Statue3_Inap2_B080_present.jpg,Statue3,B080,incongruent,cluttered
Stop_App1_B117_present.jpg,Stop,B117,congruent,cluttered
Stop_Inap1_B009_present.jpg,Stop,B009,incongruent,cluttered
Stork_App1_B088_present.jpg,Stork,B088,congruent,cluttered
Stork_Inap1_B083_present.jpg,Stork,B083,incongruent,cluttered
Table1_App1_B120_present.jpg,Table1,B120,congruent,cluttered
Table1_Inap1_B092_present.jpg,Table1,B092,incongruent,cluttered
Table2_App1_B065_present.jpg,Table2,B065,congruent,cluttered
Table2_Inap2_B038_present.jpg,Table2,B038,incongruent,cluttered
Tinaja_App1_B072_present.jpg,Tinaja,B072,congruent,cluttered
Tinaja_Inap1_B073_present.jpg,Tinaja,B073,incongruent,cluttered
Tower1_App1_B064_present.jpg,Tower1,B064,congruent,cluttered
Tower1_Inap1_B112_present.jpg,Tower1,B112,incongruent,cluttered
Tower2_App2_B081_present.jpg,Tower2,B081,congruent,cluttered
Tower2_Inap1_B049_present.jpg,Tower2,B049,incongruent,cluttered
Tractor_App2_B013_present.jpg,Tractor,B013,congruent,cluttered
Tractor_Inap1_B038_present.jpg,Tractor,B038,incongruent,cluttered
TrafficLight1_App1_B054_present.jpg,TrafficLight1,B054,congruent,cluttered
TrafficLight1_Inap1_B010_present.jpg,TrafficLight1,B010,incongruent,cluttered
TrafficLight2_App2_B119_present.jpg,TrafficLight2,B119,congruent,cluttered
TrafficLight2_Inap2_B090_present.jpg,TrafficLight2,B090,incongruent,cluttered
Trash1_App1_B115_present.jpg,Trash1,B115,congruent,cluttered
Trash1_Inap1_B110_present.jpg,Trash1,B110,incongruent,cluttered
Tree1_App1_B002_present.jpg,Tree1,B002,congruent,cluttered
Tree1_Inap1_B117_present.jpg,Tree1,B117,incongruent,cluttered
Tree2_App1_B109_present.jpg,Tree2,B109,congruent,cluttered
Tree2_Inap2_B119_present.jpg,Tree2,B119,incongruent,cluttered
Tree3_App1_B104_present.jpg,Tree3,B104,congruent,cluttered
Tree3_Inap1_B019_present.jpg,Tree3,B019,incongruent,cluttered
Truck_App1_B014_present.jpg,Truck,B014,congruent,cluttered
Truck_Inap1_B088_present.jpg,Truck,B088,incongruent,cluttered
Umbrella_App1_B010_present.jpg,Umbrella,B010,congruent,cluttered
Umbrella_Inap1_B028_present.jpg,Umbrella,B028,incongruent,cluttered
Window1_App2_B040_present.jpg,Window1,B040,congruent,cluttered
Window1_Inap1_B032_present.jpg,Window1,B032,incongruent,cluttered
Window2_App1_B030_present.jpg,Window2,B030,congruent,cluttered
Window2_Inap2_B036_present.jpg,Window2,B036,incongruent,cluttered
Wolf_App1_B069_present.jpg,Wolf,B069,congruent,cluttered
Wolf_Inap1_B096_present.jpg,Wolf,B096,incongruent,cluttered
Woman1_App1_B118_present.jpg,Woman1,B118,congruent,cluttered
Woman1_Inap1_B070_present.jpg,Woman1,B070,incongruent,cluttered
Woman2_App1_B043_present.jpg,Woman2,B043,congruent,cluttered
Woman2_Inap1_B045_present.jpg,Woman2,B045,incongruent,cluttered
Woman3_App2_B060_present.jpg,Woman3,B060,congruent,cluttered
Woman3_Inap2_B116_present.jpg,Woman3,B116,incongruent,cluttered
ball_con_left_basket.jpg,ball,basket,congruent,sparse
ball_con_right_basket.jpg,ball,basket,congruent,sparse
ball_inc_left_snow.jpg,ball,snow,incongruent,sparse
ball_inc_right_snow.jpg,ball,snow,incongruent,sparse
bat_con_left_cave.jpg,bat,cave,congruent,sparse
bat_con_right_cave.jpg,bat,cave,congruent,sparse
bat_inc_left_granada.jpg,bat,granada,incongruent,sparse
bat_inc_right_granada.jpg,bat,granada,incongruent,sparse
bin_con_left_pub.jpg,bin,pub,congruent,sparse
bin_con_right_pub.jpg,bin,pub,congruent,sparse
bin_inc_left_desert.jpg,bin,desert,incongruent,sparse
bin_inc_right_desert.jpg,bin,desert,incongruent,sparse
boat_con_left_sea.jpg,boat,sea,congruent,sparse
boat_con_right_sea.jpg,boat,sea,congruent,sparse
boat_inc_left_forest.jpg,boat,forest,incongruent,sparse
boat_inc_right_forest.jpg,boat,forest,incongruent,sparse
bull_con_left_field.jpg,bull,field,congruent,sparse
bull_con_right_field.jpg,bull,field,congruent,sparse
bull_inc_left_reims.jpg,bull,reims,incongruent,sparse
bull_inc_right_reims.jpg,bull,reims,incongruent,sparse
camel_con_left_desert.jpg,camel,desert,congruent,sparse
camel_con_right_desert.jpg,camel,desert,congruent,sparse
camel_inc_left_pub.jpg,camel,pub,incongruent,sparse
camel_inc_right_pub.jpg,camel,pub,incongruent,sparse
carold_con_left_reims.jpg,carold,reims,congruent,sparse
carold_con_right_reims.jpg,carold,reims,congruent,sparse
carold_inc_left_field.jpg,carold,field,incongruent,sparse
carold_inc_right_field.jpg,carold,field,incongruent,sparse
cart_con_left_library.jpg,cart,library,congruent,sparse
cart_con_right_library.jpg,cart,library,congruent,sparse
cart_inc_left_iceberg.jpg,cart,iceberg,incongruent,sparse
cart_inc_right_iceberg.jpg,cart,iceberg,incongruent,sparse
dball_con_left_disco.jpg,dball,disco,congruent,sparse
dball_con_right_disco.jpg,dball,disco,congruent,sparse
dball_inc_left_sunset.jpg,dball,sunset,incongruent,sparse
dball_inc_right_sunset.jpg,dball,sunset,incongruent,sparse
deer_con_left_forest.jpg,deer,forest,congruent,sparse
deer_con_right_forest.jpg,deer,forest,congruent,sparse
deer_inc_left_sea.jpg,deer,sea,incongruent,sparse
deer_inc_right_sea.jpg,deer,sea,incongruent,sparse
dori_con_left_coral.jpg,dori,coral,congruent,sparse
dori_con_right_coral.jpg,dori,coral,congruent,sparse
dori_inc_left_livingroom.jpg,dori,livingroom,incongruent,sparse
dori_inc_right_livingroom.jpg,dori,livingroom,incongruent,sparse
f1_con_left_suzuka.jpg,f1,suzuka,congruent,sparse
f1_con_right_suzuka.jpg,f1,suzuka,congruent,sparse
f1_inc_left_pole.jpg,f1,pole,incongruent,sparse
f1_inc_right_pole.jpg,f1,pole,incongruent,sparse
federer_con_left_tenis.jpg,federer,tenis,congruent,sparse
federer_con_right_tenis.jpg,federer,tenis,congruent,sparse
federer_inc_left_skpark.jpg,federer,skpark,incongruent,sparse
federer_inc_right_skpark.jpg,federer,skpark,incongruent,sparse
feet_con_left_livingroom.jpg,feet,livingroom,congruent,sparse
feet_con_right_livingroom.jpg,feet,livingroom,congruent,sparse
feet_inc_left_coral.jpg,feet,coral,incongruent,sparse
feet_inc_right_coral.jpg,feet,coral,incongruent,sparse
goat_con_left_grass.jpg,goat,grass,congruent,sparse
goat_con_right_grass.jpg,goat,grass,congruent,sparse
goat_inc_left_space.jpg,goat,space,incongruent,sparse
goat_inc_right_space.jpg,goat,space,incongruent,sparse
hawk_con_left_sunset.jpg,hawk,sunset,congruent,sparse
hawk_con_right_sunset.jpg,hawk,sunset,congruent,sparse
hawk_inc_left_disco.jpg,hawk,disco,incongruent,sparse
hawk_inc_right_disco.jpg,hawk,disco,incongruent,sparse
hera_con_left_garden.jpg,hera,garden,congruent,sparse
hera_con_right_garden.jpg,hera,garden,congruent,sparse
hera_inc_left_deep.jpg,hera,deep,incongruent,sparse
hera_inc_right_deep.jpg,hera,deep,incongruent,sparse
hidrop_con_left_granada.jpg,hidrop,granada,congruent,sparse
hidrop_con_right_granada.jpg,hidrop,granada,congruent,sparse
hidrop_inc_left_cave.jpg,hidrop,cave,incongruent,sparse
hidrop_inc_right_cave.jpg,hidrop,cave,incongruent,sparse
kid_con_left_pole.jpg,kid,pole,congruent,sparse
kid_con_right_pole.jpg,kid,pole,congruent,sparse
kid_inc_left_suzuka.jpg,kid,suzuka,incongruent,sparse
kid_inc_right_suzuka.jpg,kid,suzuka,incongruent,sparse
kite_con_left_park.jpg,kite,park,congruent,sparse
kite_con_right_park.jpg,kite,park,congruent,sparse
kite_inc_left_kitchen.jpg,kite,kitchen,incongruent,sparse
kite_inc_right_kitchen.jpg,kite,kitchen,incongruent,sparse
lamp_con_left_kitchen.jpg,lamp,kitchen,congruent,sparse
lamp_con_right_kitchen.jpg,lamp,kitchen,congruent,sparse
lamp_inc_left_park.jpg,lamp,park,incongruent,sparse
lamp_inc_right_park.jpg,lamp,park,incongruent,sparse
lightbulb_con_left_bodega.jpg,lightbulb,bodega,congruent,sparse
lightbulb_con_right_bodega.jpg,lightbulb,bodega,congruent,sparse
lightbulb_inc_left_cathedral.jpg,lightbulb,cathedral,incongruent,sparse
lightbulb_inc_right_cathedral.jpg,lightbulb,cathedral,incongruent,sparse
mirror_con_left_bedroom.jpg,mirror,bedroom,congruent,sparse
mirror_con_right_bedroom.jpg,mirror,bedroom,congruent,sparse
mirror_inc_left_wave.jpg,mirror,wave,incongruent,sparse
mirror_inc_right_wave.jpg,mirror,wave,incongruent,sparse
mouse_con_left_table.jpg,mouse,table,congruent,sparse
mouse_con_right_table.jpg,mouse,table,congruent,sparse
mouse_inc_left_farm.jpg,mouse,farm,incongruent,sparse
mouse_inc_right_farm.jpg,mouse,farm,incongruent,sparse
nest_con_left_willow.jpg,nest,willow,congruent,sparse
nest_con_right_willow.jpg,nest,willow,congruent,sparse
nest_inc_left_orchestra.jpg,nest,orchestra,incongruent,sparse
nest_inc_right_orchestra.jpg,nest,orchestra,incongruent,sparse
octopus_con_left_deep.jpg,octopus,deep,congruent,sparse
octopus_con_right_deep.jpg,octopus,deep,congruent,sparse
octopus_inc_left_garden.jpg,octopus,garden,incongruent,sparse
octopus_inc_right_garden.jpg,octopus,garden,incongruent,sparse
pic_con_left_bathroom.jpg,pic,bathroom,congruent,sparse
pic_con_right_bathroom.jpg,pic,bathroom,congruent,sparse
pic_inc_left_airport.jpg,pic,airport,incongruent,sparse
pic_inc_right_airport.jpg,pic,airport,incongruent,sparse
pig_con_left_farm.jpg,pig,farm,congruent,sparse
pig_con_right_farm.jpg,pig,farm,congruent,sparse
pig_inc_left_table.jpg,pig,table,incongruent,sparse
pig_inc_right_table.jpg,pig,table,incongruent,sparse
plane2_con_left_airport.jpg,plane2,airport,congruent,sparse
plane2_con_right_airport.jpg,plane2,airport,congruent,sparse
plane2_inc_left_bathroom.jpg,plane2,bathroom,incongruent,sparse
plane2_inc_right_bathroom.jpg,plane2,bathroom,incongruent,sparse
planet_con_left_space.jpg,planet,space,congruent,sparse
planet_con_right_space.jpg,planet,space,congruent,sparse
planet_inc_left_grass.jpg,planet,grass,incongruent,sparse
planet_inc_right_grass.jpg,planet,grass,incongruent,sparse
sign_con_left_road.jpg,sign,road,congruent,sparse
sign_con_right_road.jpg,sign,road,congruent,sparse
sign_inc_left_beach.jpg,sign,beach,incongruent,sparse
sign_inc_right_beach.jpg,sign,beach,incongruent,sparse
skater_con_left_skpark.jpg,skater,skpark,congruent,sparse
skater_con_right_skpark.jpg,skater,skpark,congruent,sparse
skater_inc_left_tenis.jpg,skater,tenis,incongruent,sparse
skater_inc_right_tenis.jpg,skater,tenis,incongruent,sparse
ski_con_left_snow.jpg,ski,snow,congruent,sparse
ski_con_right_snow.jpg,ski,snow,congruent,sparse
ski_inc_left_basket.jpg,ski,basket,incongruent,sparse
ski_inc_right_basket.jpg,ski,basket,incongruent,sparse
surfer_con_left_wave.jpg,surfer,wave,congruent,sparse
surfer_con_right_wave.jpg,surfer,wave,congruent,sparse
surfer_inc_left_bedroom.jpg,surfer,bedroom,incongruent,sparse
surfer_inc_right_bedroom.jpg,surfer,bedroom,incongruent,sparse
tiger_con_left_jungle.jpg,tiger,jungle,congruent,sparse
tiger_con_right_jungle.jpg,tiger,jungle,congruent,sparse
tiger_inc_left_gym.jpg,tiger,gym,incongruent,sparse
tiger_inc_right_gym.jpg,tiger,gym,incongruent,sparse
torch_con_left_orchestra.jpg,torch,orchestra,congruent,sparse
torch_con_right_orchestra.jpg,torch,orchestra,congruent,sparse
torch_inc_left_willow.jpg,torch,willow,incongruent,sparse
torch_inc_right_willow.jpg,torch,willow,incongruent,sparse
umbrella_con_left_beach.jpg,umbrella,beach,congruent,sparse
umbrella_con_right_beach.jpg,umbrella,beach,congruent,sparse
umbrella_inc_left_road.jpg,umbrella,road,incongruent,sparse
umbrella_inc_right_road.jpg,umbrella,road,incongruent,sparse
weight_con_left_gym.jpg,weight,gym,congruent,sparse
weight_con_right_gym.jpg,weight,gym,congruent,sparse
weight_inc_left_jungle.jpg,weight,jungle,incongruent,sparse
weight_inc_right_jungle.jpg,weight,jungle,incongruent,sparse
whale_con_left_iceberg.jpg,whale,iceberg,congruent,sparse
whale_con_right_iceberg.jpg,whale,iceberg,congruent,sparse
whale_inc_left_library.jpg,whale,library,incongruent,sparse
whale_inc_right_library.jpg,whale,library,incongruent,sparse
zeppelin2_con_left_cathedral.jpg,zeppelin2,cathedral,congruent,sparse
zeppelin2_con_right_cathedral.jpg,zeppelin2,cathedral,congruent,sparse
zeppelin2_inc_left_bodega.jpg,zeppelin2,bodega,incongruent,sparse
zeppelin2_inc_right_bodega.jpg,zeppelin2,bodega,incongruent,sparse
